{"loss": [1.4476382732391357, 1.0308221578598022, 0.6540187001228333, 0.4847237765789032, 0.5387741923332214, 0.5396514534950256, 0.4396238327026367, 0.3779764473438263, 0.43788793683052063, 0.24944837391376495, 0.22729992866516113, 0.265408456325531, 0.3923060894012451, 0.26509785652160645, 0.30938276648521423, 0.24656225740909576, 0.21403507888317108, 0.2039901465177536, 0.19684098660945892, 0.18704020977020264, 0.23591703176498413, 0.1930263638496399, 0.14854787290096283, 0.20645776391029358], "accuracy": [0.7319223880767822, 0.7724867463111877, 0.8218694925308228, 0.8606702089309692, 0.841269850730896, 0.8518518805503845, 0.871252179145813, 0.8871251940727234, 0.9012345671653748, 0.9171075820922852, 0.9241622686386108, 0.9241622686386108, 0.9065255522727966, 0.9329805970191956, 0.9241622686386108, 0.9259259104728699, 0.9382715821266174, 0.9347442388534546, 0.9365079402923584, 0.9276896119117737, 0.9294532537460327, 0.9470899701118469, 0.9541445970535278, 0.9470899701118469], "val_loss": [1.2489207983016968, 1.0981768369674683, 0.7691973447799683, 1.1552236080169678, 0.8188719749450684, 0.8658502101898193, 0.676488995552063, 0.8350618481636047, 0.7888385653495789, 0.6041894555091858, 0.6524962186813354, 0.7740499973297119, 0.589921772480011, 0.6779619455337524, 0.5987257957458496, 0.5558624267578125, 0.511766254901886, 0.5192956924438477, 0.756644606590271, 0.695046603679657, 0.6576181650161743, 0.5603654980659485, 0.5568044781684875, 0.5675672888755798], "val_accuracy": [0.7297297120094299, 0.7972972989082336, 0.8648648858070374, 0.837837815284729, 0.8513513803482056, 0.8108108043670654, 0.8783783912658691, 0.8513513803482056, 0.8513513803482056, 0.8648648858070374, 0.8513513803482056, 0.8783783912658691, 0.8513513803482056, 0.8918918967247009, 0.837837815284729, 0.8648648858070374, 0.8783783912658691, 0.8648648858070374, 0.837837815284729, 0.8648648858070374, 0.8513513803482056, 0.8648648858070374, 0.8783783912658691, 0.8648648858070374]}