{"loss": [0.8235978484153748, 0.5181736946105957, 0.41160282492637634, 0.39435192942619324, 0.3475358188152313, 0.3089742660522461, 0.36755651235580444, 0.3364829421043396, 0.27597492933273315, 0.2530086934566498, 0.26455023884773254, 0.2825242578983307, 0.3607499897480011, 0.26305073499679565, 0.27734023332595825, 0.2924542725086212, 0.25928303599357605, 0.2153267115354538, 0.22947198152542114, 0.2562689781188965, 0.3139883875846863, 0.2804267108440399, 0.25975367426872253, 0.17978766560554504, 0.21657860279083252, 0.24037764966487885, 0.13557171821594238, 0.2004973441362381, 0.1348884254693985, 0.1788664162158966, 0.23225954174995422, 0.18999998271465302, 0.19712884724140167, 0.168834388256073, 0.10459619760513306, 0.21792884171009064, 0.10133582353591919, 0.18998096883296967, 0.13893458247184753, 0.12748713791370392, 0.16865205764770508, 0.17377574741840363, 0.1443464159965515, 0.16166864335536957, 0.24058201909065247, 0.15524619817733765, 0.19120857119560242, 0.16670680046081543, 0.11147423833608627, 0.14641593396663666, 0.19832733273506165, 0.1416996866464615, 0.1644825041294098, 0.15372322499752045, 0.189256489276886, 0.1806493103504181, 0.16301585733890533, 0.12708322703838348, 0.15049929916858673, 0.15325990319252014, 0.10989280045032501, 0.13280528783798218, 0.10416700690984726, 0.08683906495571136, 0.14495855569839478, 0.17404933273792267, 0.13675400614738464, 0.16096560657024384, 0.15740689635276794, 0.13868100941181183, 0.18977880477905273], "accuracy": [0.8431654572486877, 0.8561151027679443, 0.896402895450592, 0.8992805480957031, 0.902158260345459, 0.9079136848449707, 0.9093525409698486, 0.896402895450592, 0.9266186952590942, 0.9208633303642273, 0.9194244742393494, 0.9136690497398376, 0.9122301936149597, 0.9395683407783508, 0.932374119758606, 0.9194244742393494, 0.9338129758834839, 0.9410071969032288, 0.932374119758606, 0.9194244742393494, 0.9122301936149597, 0.9194244742393494, 0.935251772403717, 0.9496402740478516, 0.9395683407783508, 0.9410071969032288, 0.9625899195671082, 0.9496402740478516, 0.9525179862976074, 0.9467625617980957, 0.9482014179229736, 0.9482014179229736, 0.9438849091529846, 0.9582734107971191, 0.9640287756919861, 0.9467625617980957, 0.965467631816864, 0.9525179862976074, 0.9568345546722412, 0.9625899195671082, 0.9424460530281067, 0.9467625617980957, 0.9539568424224854, 0.9510791301727295, 0.9424460530281067, 0.9553956985473633, 0.9496402740478516, 0.9597122073173523, 0.965467631816864, 0.965467631816864, 0.9496402740478516, 0.9539568424224854, 0.9525179862976074, 0.9611510634422302, 0.9482014179229736, 0.9539568424224854, 0.9482014179229736, 0.9669064879417419, 0.9597122073173523, 0.9496402740478516, 0.9582734107971191, 0.9582734107971191, 0.9697842001914978, 0.971222996711731, 0.9597122073173523, 0.9568345546722412, 0.9539568424224854, 0.9553956985473633, 0.9597122073173523, 0.9697842001914978, 0.9539568424224854], "val_loss": [0.5938796401023865, 0.8098685145378113, 0.6634154319763184, 0.7733567953109741, 0.5207734704017639, 0.47042518854141235, 0.394485741853714, 0.46105873584747314, 0.5209779739379883, 0.5219242572784424, 0.46219202876091003, 0.5479961037635803, 0.590234637260437, 0.45164209604263306, 0.7203099727630615, 0.4359831213951111, 0.5244203805923462, 0.45369964838027954, 0.5451065301895142, 0.44685712456703186, 0.542140007019043, 0.3419877588748932, 0.3803190588951111, 0.39567285776138306, 0.44614529609680176, 0.4841311573982239, 0.3319924771785736, 0.3565875291824341, 0.3099827766418457, 0.36438849568367004, 0.47934529185295105, 0.37745121121406555, 0.5832212567329407, 0.36385464668273926, 0.5031370520591736, 0.2040637582540512, 0.27341338992118835, 0.2731245160102844, 0.35089802742004395, 0.4657401144504547, 0.3204810321331024, 0.29629117250442505, 0.4498519003391266, 0.3583741784095764, 0.48525169491767883, 0.35270217061042786, 0.338581383228302, 0.4352218508720398, 0.17159782350063324, 0.3726153075695038, 0.16059303283691406, 0.281300812959671, 0.2696872353553772, 0.49894675612449646, 0.5735893845558167, 0.34540483355522156, 0.3244723975658417, 0.26506707072257996, 0.4753062427043915, 0.3818768858909607, 0.5921783447265625, 0.2624695599079132, 0.29636502265930176, 0.37238413095474243, 0.3093684911727905, 0.47751584649086, 0.4895368814468384, 0.5013941526412964, 0.26581650972366333, 0.35112297534942627, 0.4358568489551544], "val_accuracy": [0.8333333134651184, 0.8666666746139526, 0.8333333134651184, 0.800000011920929, 0.8888888955116272, 0.8666666746139526, 0.9111111164093018, 0.855555534362793, 0.8666666746139526, 0.8777777552604675, 0.8777777552604675, 0.8777777552604675, 0.8444444537162781, 0.8777777552604675, 0.8666666746139526, 0.8666666746139526, 0.855555534362793, 0.8777777552604675, 0.8444444537162781, 0.855555534362793, 0.9111111164093018, 0.9222221970558167, 0.8666666746139526, 0.8999999761581421, 0.8999999761581421, 0.855555534362793, 0.8999999761581421, 0.9111111164093018, 0.8777777552604675, 0.9111111164093018, 0.8777777552604675, 0.8777777552604675, 0.8888888955116272, 0.8999999761581421, 0.8777777552604675, 0.9222221970558167, 0.9222221970558167, 0.9333333373069763, 0.8777777552604675, 0.8666666746139526, 0.8999999761581421, 0.8999999761581421, 0.9111111164093018, 0.9222221970558167, 0.8888888955116272, 0.9111111164093018, 0.9222221970558167, 0.8999999761581421, 0.9111111164093018, 0.8999999761581421, 0.9555555582046509, 0.9222221970558167, 0.9333333373069763, 0.8888888955116272, 0.8999999761581421, 0.9333333373069763, 0.9222221970558167, 0.9444444179534912, 0.9111111164093018, 0.9111111164093018, 0.8999999761581421, 0.9333333373069763, 0.9444444179534912, 0.9222221970558167, 0.9222221970558167, 0.9111111164093018, 0.9222221970558167, 0.8888888955116272, 0.9333333373069763, 0.9333333373069763, 0.9111111164093018]}