{"loss": [0.6925837397575378, 0.4794076085090637, 0.46698737144470215, 0.5254242420196533, 0.4084876477718353, 0.3328932225704193, 0.32898980379104614, 0.2689228951931, 0.3186674118041992, 0.23607291281223297, 0.21542789041996002, 0.23724019527435303, 0.33529773354530334, 0.32184773683547974, 0.2422424852848053, 0.24735420942306519, 0.17355841398239136, 0.2281569391489029, 0.14262109994888306, 0.16763076186180115, 0.1604573130607605, 0.20121309161186218, 0.2978938817977905, 0.24405327439308167, 0.19141338765621185, 0.2107541561126709, 0.2864540219306946, 0.22781993448734283, 0.22000035643577576, 0.2044495940208435, 0.16519413888454437, 0.18719184398651123, 0.16258755326271057, 0.14351871609687805, 0.10721399635076523, 0.16622084379196167, 0.17667129635810852, 0.1781357079744339], "accuracy": [0.8367670178413391, 0.8589540123939514, 0.8700475692749023, 0.8415213823318481, 0.8811410665512085, 0.8843106031417847, 0.9033280611038208, 0.906497597694397, 0.9017432928085327, 0.9255150556564331, 0.9334389567375183, 0.9096671938896179, 0.8969889283180237, 0.9175911545753479, 0.9413629174232483, 0.9318541884422302, 0.9334389567375183, 0.9270998239517212, 0.9556260108947754, 0.9477020502090454, 0.9540411829948425, 0.9413629174232483, 0.9350237846374512, 0.9334389567375183, 0.9381933212280273, 0.9429476857185364, 0.9223454594612122, 0.9381933212280273, 0.9366085529327393, 0.9429476857185364, 0.9429476857185364, 0.9508716464042664, 0.9492868185043335, 0.9603803753852844, 0.9683042764663696, 0.9508716464042664, 0.9445325136184692, 0.9413629174232483], "val_loss": [1.0202172994613647, 0.983383297920227, 0.8104981184005737, 0.6042178869247437, 0.7757219672203064, 0.4577074646949768, 0.5916870832443237, 0.7035544514656067, 0.5802876353263855, 0.6220987439155579, 0.5904994010925293, 0.46748659014701843, 0.5971193313598633, 0.558648943901062, 0.6000750064849854, 0.7554153800010681, 0.6414535045623779, 0.5890023708343506, 0.6492236852645874, 0.6772641539573669, 0.5924115777015686, 0.7959324717521667, 0.5972982048988342, 0.5580580234527588, 0.5254570841789246, 0.4590340554714203, 0.46195361018180847, 0.6569613218307495, 0.5350459814071655, 0.4685100317001343, 0.4742025136947632, 0.44739261269569397, 0.3102385699748993, 0.2771994471549988, 0.30216872692108154, 0.3621312081813812, 0.5139462947845459, 0.24784092605113983], "val_accuracy": [0.8048780560493469, 0.792682945728302, 0.8292682766914368, 0.8536585569381714, 0.8170731663703918, 0.8536585569381714, 0.8414633870124817, 0.8658536672592163, 0.8658536672592163, 0.8536585569381714, 0.8902438879013062, 0.8536585569381714, 0.8536585569381714, 0.9024389982223511, 0.8780487775802612, 0.8780487775802612, 0.8780487775802612, 0.9146341681480408, 0.8658536672592163, 0.8780487775802612, 0.8780487775802612, 0.8658536672592163, 0.8780487775802612, 0.8658536672592163, 0.8902438879013062, 0.8780487775802612, 0.8414633870124817, 0.8536585569381714, 0.8902438879013062, 0.8292682766914368, 0.8536585569381714, 0.8658536672592163, 0.8536585569381714, 0.8780487775802612, 0.9146341681480408, 0.8902438879013062, 0.9146341681480408, 0.9024389982223511]}